{
  "1::Attack": {
    "center": [
      -19.225,
      77.7,
      82.92
    ],
    "dist": 478.13620890597207,
    "rot_q": [
      0.22210577189448447,
      -0.073239499805229,
      -0.9233620397221033,
      -0.30447913780696395
    ]
  },
  "259::Attack - 1": {
    "center": [
      -14.244999999999997,
      14.696424603097578,
      63.30852103469018
    ],
    "dist": 251.40925016193432,
    "rot_q": [
      -0.7220256274506358,
      -0.6908022097979523,
      0.0360977001529488,
      0.012971364093639493
    ]
  },
  "259::Attack - 2": {
    "center": [
      -14.244999999999997,
      14.696424603097578,
      62.94141800681773
    ],
    "yaw_deg": -3.1500000000000914,
    "pitch_deg": 89.0,
    "dist": 227.93400000000003
  }
}