{
  "1::Attack": {
    "center": [
      83.41032637754061,
      70.78966410825298,
      33.608443701563004
    ],
    "dist": 282.3346499968875,
    "rot_q": [
      -0.7313153052288489,
      -0.37567095974662446,
      0.4858876277863504,
      -0.296584671730079
    ]
  },
  "259::Attack - 1": {
    "center": [
      -14.244999999999997,
      14.696424603097578,
      63.30852103469018
    ],
    "dist": 251.40925016193432,
    "rot_q": [
      -0.6010483619665492,
      -0.6849075588805174,
      -0.3015106602167634,
      -0.28059548132731993
    ]
  },
  "259::Attack - 2": {
    "center": [
      -14.244999999999997,
      14.696424603097578,
      62.94141800681773
    ],
    "yaw_deg": -3.1500000000000914,
    "pitch_deg": 89.0,
    "dist": 227.93400000000003
  },
  "1::Morph ALTERNATE": {
    "center": [
      -19.225,
      77.7,
      82.92
    ],
    "dist": 553.536,
    "rot_q": [
      0.9392278472760162,
      -0.16561121050749117,
      0.2961374027275428,
      0.052217014097794355
    ]
  },
  "1::Walk": {
    "center": [
      -19.225,
      77.7,
      82.92
    ],
    "dist": 553.536,
    "rot_q": [
      0.9392278472760162,
      -0.16561121050749117,
      0.2961374027275428,
      0.052217014097794355
    ]
  },
  "1::Stand Alternate": {
    "center": [
      -19.225,
      77.7,
      82.92
    ],
    "dist": 553.536,
    "rot_q": [
      0.7441898979635304,
      0.6430850812007641,
      -0.012502706605279131,
      -0.18018506162714826
    ]
  }
}