{
  "1::Attack": {
    "center": [
      16.34732014298988,
      71.50620357399988,
      95.76886690114053
    ],
    "dist": 478.13620890597207,
    "rot_q": [
      0.5746442132031417,
      0.6689520196183336,
      0.028149411858886197,
      0.47063237701277394
    ]
  },
  "259::Attack - 1": {
    "center": [
      -14.244999999999997,
      14.696424603097578,
      63.30852103469018
    ],
    "dist": 251.40925016193432,
    "rot_q": [
      -0.7410186718574175,
      -0.6679022183984519,
      -0.04203278319841281,
      -0.05505633254850021
    ]
  },
  "259::Attack - 2": {
    "center": [
      -14.244999999999997,
      14.696424603097578,
      62.94141800681773
    ],
    "yaw_deg": -3.1500000000000914,
    "pitch_deg": 89.0,
    "dist": 227.93400000000003
  },
  "1::Morph ALTERNATE": {
    "center": [
      -19.225,
      77.7,
      82.92
    ],
    "dist": 553.536,
    "rot_q": [
      0.9392278472760162,
      -0.16561121050749117,
      0.2961374027275428,
      0.052217014097794355
    ]
  },
  "1::Walk": {
    "center": [
      -19.225,
      77.7,
      82.92
    ],
    "dist": 553.536,
    "rot_q": [
      0.9392278472760162,
      -0.16561121050749117,
      0.2961374027275428,
      0.052217014097794355
    ]
  },
  "1::Stand Alternate": {
    "center": [
      -19.225,
      77.7,
      82.92
    ],
    "dist": 553.536,
    "rot_q": [
      0.7441898979635304,
      0.6430850812007641,
      -0.012502706605279131,
      -0.18018506162714826
    ]
  }
}